{
    "validation": [
        {
            "label": [
                0,
                0,
                0,
                0
            ],
            "box": [
                [
                    -100.312255859375,
                    67.529541015625,
                    -231.97265625,
                    6.328125,
                    6.328125,
                    6.4453125
                ],
                [
                    -19.013427734375,
                    10.576416015625,
                    -48.28125,
                    5.09765625,
                    5.09765625,
                    5.3125
                ],
                [
                    -53.027099609375,
                    -79.863037109375,
                    -221.640625,
                    5.2734375,
                    5.2734375,
                    5.3125
                ],
                [
                    -19.980224609375,
                    9.785400390625,
                    -45.3125,
                    7.03125,
                    6.6796875,
                    6.875
                ]
            ],
            "score": [
                0.99658203125,
                0.50146484375,
                0.05975341796875,
                0.0325927734375
            ],
            "image": "/datasets/1.3.6.1.4.1.14519.5.2.1.6279.6001.108197895896446896160048741492/1.3.6.1.4.1.14519.5.2.1.6279.6001.108197895896446896160048741492.nii.gz"
        },
        {
            "label": [
                0,
                0,
                0,
                0,
                0,
                0,
                0
            ],
            "box": [
                [
                    46.05921936035156,
                    48.53294372558594,
                    -108.6875,
                    13.5791015625,
                    13.623046875,
                    13.75
                ],
                [
                    36.47914123535156,
                    76.83372497558594,
                    -123.3359375,
                    4.5263671875,
                    4.482421875,
                    4.375
                ],
                [
                    37.86341857910156,
                    0.5886077880859375,
                    -106.265625,
                    4.21875,
                    4.21875,
                    3.90625
                ],
                [
                    20.351211547851562,
                    52.53196716308594,
                    -28.765625,
                    4.7900390625,
                    4.74609375,
                    4.84375
                ],
                [
                    -102.71763610839844,
                    0.7643890380859375,
                    -36.9296875,
                    6.328125,
                    6.328125,
                    6.484375
                ],
                [
                    -114.14341735839844,
                    42.86399841308594,
                    -116.83203125,
                    4.5703125,
                    4.5703125,
                    4.3359375
                ],
                [
                    -95.59849548339844,
                    39.69993591308594,
                    -50.171875,
                    4.74609375,
                    4.921875,
                    4.84375
                ]
            ],
            "score": [
                0.9990234375,
                0.92578125,
                0.89208984375,
                0.8876953125,
                0.68994140625,
                0.08538818359375,
                0.023101806640625
            ],
            "image": "/datasets/1.3.6.1.4.1.14519.5.2.1.6279.6001.109002525524522225658609808059/1.3.6.1.4.1.14519.5.2.1.6279.6001.109002525524522225658609808059.nii.gz"
        }
    ]
}
