{
    "validation": [
        {
            "image": "1.3.6.1.4.1.14519.5.2.1.6279.6001.108197895896446896160048741492.mhd",
            "box": [
                [
                    106,
                    342.25,
                    31.453125,
                    114.75,
                    351,
                    34.0625
                ]
            ],
            "label": [
                0
            ]
        },
        {
            "image": "1.3.6.1.4.1.14519.5.2.1.6279.6001.109002525524522225658609808059.mhd",
            "box": [
                [
                    413.75,
                    273.25,
                    62.90625,
                    438.5,
                    298,
                    73.8125
                ],
                [
                    404.5,
                    333.25,
                    54.8125,
                    412.25,
                    341.25,
                    58.3125
                ]
            ],
            "label": [
                0,
                0
            ]
        }
    ]
}
