{
    "liver": {
        "min_median": -14.0,
        "max_median": 1000.0,
        "percentile_0_5": 9.530000000000001,
        "percentile_99_5": 162.0,
        "sigma_6_low": -21.596463547885904,
        "sigma_6_high": 156.27881534763367,
        "sigma_12_low": -110.53410299564568,
        "sigma_12_high": 245.21645479539342
    },
    "spleen": {
        "min_median": -69.0,
        "max_median": 1000.0,
        "percentile_0_5": 16.925000000000004,
        "percentile_99_5": 184.07500000000073,
        "sigma_6_low": -43.133891656525165,
        "sigma_6_high": 177.40494997185993,
        "sigma_12_low": -153.4033124707177,
        "sigma_12_high": 287.6743707860525
    },
    "pancreas": {
        "min_median": -124.0,
        "max_median": 1000.0,
        "percentile_0_5": -29.0,
        "percentile_99_5": 145.92000000000007,
        "sigma_6_low": -56.59382515620725,
        "sigma_6_high": 149.50627399318438,
        "sigma_12_low": -159.64387473090306,
        "sigma_12_high": 252.5563235678802
    },
    "kidney": {
        "min_median": -165.5,
        "max_median": 819.0,
        "percentile_0_5": -40.0,
        "percentile_99_5": 254.61999999999898,
        "sigma_6_low": -130.56375604853028,
        "sigma_6_high": 267.28163511081016,
        "sigma_12_low": -329.4864516282005,
        "sigma_12_high": 466.20433069048045
    },
    "lung": {
        "min_median": -1000.0,
        "max_median": 65.0,
        "percentile_0_5": -937.0,
        "percentile_99_5": -366.9500000000007,
        "sigma_6_low": -1088.5583843889117,
        "sigma_6_high": -551.8503346949108,
        "sigma_12_low": -1356.912409235912,
        "sigma_12_high": -283.4963098479103
    },
    "bone": {
        "min_median": 77.5,
        "max_median": 1000.0,
        "percentile_0_5": 136.45499999999998,
        "percentile_99_5": 551.6350000000002,
        "sigma_6_low": 71.39901958080469,
        "sigma_6_high": 471.9957615639765,
        "sigma_12_low": -128.8993514107812,
        "sigma_12_high": 672.2941325555623
    },
    "brain": {
        "min_median": -1000.0,
        "max_median": 238.0,
        "percentile_0_5": -951.0,
        "percentile_99_5": 126.25,
        "sigma_6_low": -304.8208236135867,
        "sigma_6_high": 369.5118535139189,
        "sigma_12_low": -641.9871621773394,
        "sigma_12_high": 706.6781920776717
    }
}
